vars,week_1,week_2,week_3,week_4,week_5,week_6,week_7,week_8,week_9,week_10,week_11,week_12,week_13,week_14,week_15,week_16,week_17,week_18,week_19,week_20,week_21,week_22,week_23,week_24,week_25,week_26,week_27
WEEK,yes,yes,yes,yes,yes,yes,yes,yes,yes,yes,yes,yes,yes,yes,yes,yes,yes,yes,yes,yes,yes,yes,yes,yes,yes,yes,yes
MS,yes,yes,yes,yes,yes,yes,yes,yes,yes,yes,yes,yes,yes,yes,yes,yes,yes,yes,yes,yes,yes,yes,yes,yes,yes,yes,yes
WRKLOSS,yes,yes,yes,yes,yes,yes,yes,yes,yes,yes,yes,yes,yes,yes,yes,yes,yes,yes,yes,yes,yes,yes,yes,yes,yes,yes,yes
EXPCTLOSS,yes,yes,yes,yes,yes,yes,yes,yes,yes,yes,yes,yes,yes,yes,yes,yes,yes,yes,yes,yes,yes,yes,yes,yes,yes,yes,yes
ANYWORK,yes,yes,yes,yes,yes,yes,yes,yes,yes,yes,yes,yes,yes,yes,yes,yes,yes,yes,yes,yes,yes,yes,yes,yes,yes,yes,yes
KINDWORK,yes,yes,yes,yes,yes,yes,yes,yes,yes,yes,yes,yes,yes,yes,yes,yes,yes,yes,yes,yes,yes,yes,yes,yes,yes,yes,yes
RSNNOWRK,yes,yes,yes,yes,yes,yes,yes,yes,yes,yes,yes,yes,yes,yes,yes,yes,yes,yes,yes,yes,yes,yes,yes,yes,yes,yes,yes
UNEMPPAY,yes,yes,yes,yes,yes,yes,yes,yes,yes,yes,yes,yes,yes,yes,yes,yes,yes,yes,yes,yes,yes,NA,NA,NA,NA,NA,NA
PRIFOODSUF,yes,yes,yes,yes,yes,yes,yes,yes,yes,yes,yes,yes,yes,yes,yes,yes,yes,yes,yes,yes,yes,NA,NA,NA,NA,NA,NA
CURFOODSUF,yes,yes,yes,yes,yes,yes,yes,yes,yes,yes,yes,yes,yes,yes,yes,yes,yes,yes,yes,yes,yes,yes,yes,yes,yes,yes,yes
FOODSUFRSN1,yes,yes,yes,yes,yes,yes,yes,yes,yes,yes,yes,yes,yes,yes,yes,yes,yes,yes,yes,yes,yes,yes,yes,yes,yes,yes,yes
FOODSUFRSN2,yes,yes,yes,yes,yes,yes,yes,yes,yes,yes,yes,yes,yes,yes,yes,yes,yes,yes,yes,yes,yes,yes,yes,yes,yes,yes,yes
FOODSUFRSN3,yes,yes,yes,yes,yes,yes,yes,yes,yes,yes,yes,yes,yes,yes,yes,yes,yes,yes,yes,yes,yes,yes,yes,yes,yes,yes,yes
FOODSUFRSN4,yes,yes,yes,yes,yes,yes,yes,yes,yes,yes,yes,yes,yes,yes,yes,yes,yes,yes,yes,yes,yes,yes,yes,yes,yes,yes,yes
FOODSUFRSN5,yes,yes,yes,yes,yes,yes,yes,yes,yes,yes,yes,yes,yes,yes,yes,yes,yes,yes,yes,yes,yes,yes,yes,yes,yes,yes,yes
FREEFOOD,yes,yes,yes,yes,yes,yes,yes,yes,yes,yes,yes,yes,yes,yes,yes,yes,yes,yes,yes,yes,yes,yes,yes,yes,yes,yes,yes
WHEREFREE1,yes,yes,yes,yes,yes,yes,yes,yes,yes,yes,yes,yes,yes,yes,yes,yes,yes,yes,yes,yes,yes,yes,yes,yes,yes,yes,yes
WHEREFREE2,yes,yes,yes,yes,yes,yes,yes,yes,yes,yes,yes,yes,yes,yes,yes,yes,yes,yes,yes,yes,yes,yes,yes,yes,yes,yes,yes
WHEREFREE3,yes,yes,yes,yes,yes,yes,yes,yes,yes,yes,yes,yes,yes,yes,yes,yes,yes,yes,yes,yes,yes,yes,yes,yes,yes,yes,yes
WHEREFREE4,yes,yes,yes,yes,yes,yes,yes,yes,yes,yes,yes,yes,yes,yes,yes,yes,yes,yes,yes,yes,yes,yes,yes,yes,yes,yes,yes
WHEREFREE5,yes,yes,yes,yes,yes,yes,yes,yes,yes,yes,yes,yes,yes,yes,yes,yes,yes,yes,yes,yes,yes,yes,yes,yes,yes,yes,yes
WHEREFREE6,yes,yes,yes,yes,yes,yes,yes,yes,yes,yes,yes,yes,yes,yes,yes,yes,yes,yes,yes,yes,yes,yes,yes,yes,yes,yes,yes
WHEREFREE7,yes,yes,yes,yes,yes,yes,yes,yes,yes,yes,yes,yes,yes,yes,yes,yes,yes,yes,yes,yes,yes,yes,yes,yes,yes,yes,yes
FOODCONF,yes,yes,yes,yes,yes,yes,yes,yes,yes,yes,yes,yes,yes,yes,yes,yes,yes,yes,yes,yes,yes,NA,NA,NA,NA,NA,NA
HLTHSTATUS,yes,yes,yes,yes,yes,yes,yes,yes,yes,yes,yes,yes,yes,yes,yes,yes,yes,yes,yes,yes,yes,NA,NA,NA,NA,NA,NA
ANXIOUS,yes,yes,yes,yes,yes,yes,yes,yes,yes,yes,yes,yes,yes,yes,yes,yes,yes,yes,yes,yes,yes,yes,yes,yes,yes,yes,yes
WORRY,yes,yes,yes,yes,yes,yes,yes,yes,yes,yes,yes,yes,yes,yes,yes,yes,yes,yes,yes,yes,yes,yes,yes,yes,yes,yes,yes
INTEREST,yes,yes,yes,yes,yes,yes,yes,yes,yes,yes,yes,yes,yes,yes,yes,yes,yes,yes,yes,yes,yes,yes,yes,yes,yes,yes,yes
DOWN,yes,yes,yes,yes,yes,yes,yes,yes,yes,yes,yes,yes,yes,yes,yes,yes,yes,yes,yes,yes,yes,yes,yes,yes,yes,yes,yes
HLTHINS1,yes,yes,yes,yes,yes,yes,yes,yes,yes,yes,yes,yes,yes,yes,yes,yes,yes,yes,yes,yes,yes,yes,yes,yes,yes,yes,yes
HLTHINS2,yes,yes,yes,yes,yes,yes,yes,yes,yes,yes,yes,yes,yes,yes,yes,yes,yes,yes,yes,yes,yes,yes,yes,yes,yes,yes,yes
HLTHINS3,yes,yes,yes,yes,yes,yes,yes,yes,yes,yes,yes,yes,yes,yes,yes,yes,yes,yes,yes,yes,yes,yes,yes,yes,yes,yes,yes
HLTHINS4,yes,yes,yes,yes,yes,yes,yes,yes,yes,yes,yes,yes,yes,yes,yes,yes,yes,yes,yes,yes,yes,yes,yes,yes,yes,yes,yes
HLTHINS5,yes,yes,yes,yes,yes,yes,yes,yes,yes,yes,yes,yes,yes,yes,yes,yes,yes,yes,yes,yes,yes,yes,yes,yes,yes,yes,yes
HLTHINS6,yes,yes,yes,yes,yes,yes,yes,yes,yes,yes,yes,yes,yes,yes,yes,yes,yes,yes,yes,yes,yes,yes,yes,yes,yes,yes,yes
HLTHINS7,yes,yes,yes,yes,yes,yes,yes,yes,yes,yes,yes,yes,yes,yes,yes,yes,yes,yes,yes,yes,yes,yes,yes,yes,yes,yes,yes
HLTHINS8,yes,yes,yes,yes,yes,yes,yes,yes,yes,yes,yes,yes,yes,yes,yes,yes,yes,yes,yes,yes,yes,yes,yes,yes,yes,yes,yes
DELAY,yes,yes,yes,yes,yes,yes,yes,yes,yes,yes,yes,yes,yes,yes,yes,yes,yes,yes,yes,yes,yes,yes,yes,yes,yes,yes,yes
NOTGET,yes,yes,yes,yes,yes,yes,yes,yes,yes,yes,yes,yes,yes,yes,yes,yes,yes,yes,yes,yes,yes,yes,yes,yes,yes,yes,yes
TENURE,yes,yes,yes,yes,yes,yes,yes,yes,yes,yes,yes,yes,yes,yes,yes,yes,yes,yes,yes,yes,yes,yes,yes,yes,yes,yes,yes
MORTLMTH,yes,yes,yes,yes,yes,yes,yes,yes,yes,yes,yes,yes,NA,NA,NA,NA,NA,NA,NA,NA,NA,NA,NA,NA,NA,NA,NA
MORTCONF,yes,yes,yes,yes,yes,yes,yes,yes,yes,yes,yes,yes,yes,yes,yes,yes,yes,yes,yes,yes,yes,yes,yes,yes,yes,yes,yes
ENROLL1,yes,yes,yes,yes,yes,yes,yes,yes,yes,yes,yes,yes,yes,yes,yes,yes,yes,yes,yes,yes,yes,yes,yes,yes,yes,yes,yes
ENROLL2,yes,yes,yes,yes,yes,yes,yes,yes,yes,yes,yes,yes,yes,yes,yes,yes,yes,yes,yes,yes,yes,yes,yes,yes,yes,yes,yes
ENROLL3,yes,yes,yes,yes,yes,yes,yes,yes,yes,yes,yes,yes,yes,yes,yes,yes,yes,yes,yes,yes,yes,yes,yes,yes,yes,yes,yes
TEACH1,yes,yes,yes,yes,yes,yes,yes,yes,yes,yes,yes,yes,yes,yes,yes,yes,yes,yes,yes,yes,yes,yes,yes,yes,yes,yes,yes
TEACH2,yes,yes,yes,yes,yes,yes,yes,yes,yes,yes,yes,yes,yes,yes,yes,yes,yes,yes,yes,yes,yes,yes,yes,yes,yes,yes,yes
TEACH3,yes,yes,yes,yes,yes,yes,yes,yes,yes,yes,yes,yes,yes,yes,yes,yes,yes,yes,yes,yes,yes,yes,yes,yes,yes,yes,yes
TEACH4,yes,yes,yes,yes,yes,yes,yes,yes,yes,yes,yes,yes,yes,yes,yes,yes,yes,yes,yes,yes,yes,yes,yes,yes,yes,yes,yes
TEACH5,yes,yes,yes,yes,yes,yes,yes,yes,yes,yes,yes,yes,yes,yes,yes,yes,yes,yes,yes,yes,yes,yes,yes,yes,yes,yes,yes
COMPAVAIL,yes,yes,yes,yes,yes,yes,yes,yes,yes,yes,yes,yes,yes,yes,yes,yes,yes,yes,yes,yes,yes,yes,yes,yes,yes,yes,yes
COMP1,yes,yes,yes,yes,yes,yes,yes,yes,yes,yes,yes,yes,yes,yes,yes,yes,yes,yes,yes,yes,yes,yes,yes,yes,yes,yes,yes
COMP2,yes,yes,yes,yes,yes,yes,yes,yes,yes,yes,yes,yes,yes,yes,yes,yes,yes,yes,yes,yes,yes,yes,yes,yes,yes,yes,yes
COMP3,yes,yes,yes,yes,yes,yes,yes,yes,yes,yes,yes,yes,yes,yes,yes,yes,yes,yes,yes,yes,yes,yes,yes,yes,yes,yes,yes
INTRNTAVAIL,yes,yes,yes,yes,yes,yes,yes,yes,yes,yes,yes,yes,yes,yes,yes,yes,yes,yes,yes,yes,yes,yes,yes,yes,yes,yes,yes
INTRNT1,yes,yes,yes,yes,yes,yes,yes,yes,yes,yes,yes,yes,yes,yes,yes,yes,yes,yes,yes,yes,yes,yes,yes,yes,yes,yes,yes
INTRNT2,yes,yes,yes,yes,yes,yes,yes,yes,yes,yes,yes,yes,yes,yes,yes,yes,yes,yes,yes,yes,yes,yes,yes,yes,yes,yes,yes
INTRNT3,yes,yes,yes,yes,yes,yes,yes,yes,yes,yes,yes,yes,yes,yes,yes,yes,yes,yes,yes,yes,yes,yes,yes,yes,yes,yes,yes
INCOME,yes,yes,yes,yes,yes,yes,yes,yes,yes,yes,yes,yes,yes,yes,yes,yes,yes,yes,yes,yes,yes,yes,yes,yes,yes,yes,yes
ABIRTH_YEAR,yes,yes,yes,yes,yes,yes,yes,yes,yes,yes,yes,yes,yes,yes,yes,yes,yes,yes,yes,yes,yes,yes,yes,yes,yes,yes,yes
AGENDER,yes,yes,yes,yes,yes,yes,yes,yes,yes,yes,yes,yes,yes,yes,yes,yes,yes,yes,yes,yes,yes,yes,yes,yes,yes,yes,yes
EGENDER,yes,yes,yes,yes,yes,yes,yes,yes,yes,yes,yes,yes,yes,yes,yes,yes,yes,yes,yes,yes,yes,yes,yes,yes,yes,yes,yes
AHISPANIC,yes,yes,yes,yes,yes,yes,yes,yes,yes,yes,yes,yes,yes,yes,yes,yes,yes,yes,yes,yes,yes,yes,yes,yes,yes,yes,yes
ARACE,yes,yes,yes,yes,yes,yes,yes,yes,yes,yes,yes,yes,yes,yes,yes,yes,yes,yes,yes,yes,yes,yes,yes,yes,yes,yes,yes
AHHLD_NUMPER,yes,yes,yes,yes,yes,yes,yes,yes,yes,yes,yes,yes,yes,yes,yes,yes,yes,yes,yes,yes,yes,yes,yes,yes,yes,yes,yes
AHHLD_NUMKID,yes,yes,yes,yes,yes,yes,yes,yes,yes,yes,yes,yes,yes,yes,yes,yes,yes,yes,yes,yes,yes,yes,yes,yes,yes,yes,yes
RRACE,yes,yes,yes,yes,yes,yes,yes,yes,yes,yes,yes,yes,yes,yes,yes,yes,yes,yes,yes,yes,yes,yes,yes,yes,yes,yes,yes
RHISPANIC,yes,yes,yes,yes,yes,yes,yes,yes,yes,yes,yes,yes,yes,yes,yes,yes,yes,yes,yes,yes,yes,yes,yes,yes,yes,yes,yes
AEDUC,yes,yes,yes,yes,yes,yes,yes,yes,yes,yes,yes,yes,yes,yes,yes,yes,yes,yes,yes,yes,yes,yes,yes,yes,yes,yes,yes
EEDUC,yes,yes,yes,yes,yes,yes,yes,yes,yes,yes,yes,yes,yes,yes,yes,yes,yes,yes,yes,yes,yes,yes,yes,yes,yes,yes,yes
THHLD_NUMPER,yes,yes,yes,yes,yes,yes,yes,yes,yes,yes,yes,yes,yes,yes,yes,yes,yes,yes,yes,yes,yes,yes,yes,yes,yes,yes,yes
THHLD_NUMKID,yes,yes,yes,yes,yes,yes,yes,yes,yes,yes,yes,yes,yes,yes,yes,yes,yes,yes,yes,yes,yes,yes,yes,yes,yes,yes,yes
TSPNDFOOD,yes,yes,yes,yes,yes,yes,yes,yes,yes,yes,yes,yes,yes,yes,yes,yes,yes,yes,yes,yes,yes,yes,yes,yes,yes,yes,yes
TSPNDPRPD,yes,yes,yes,yes,yes,yes,yes,yes,yes,yes,yes,yes,yes,yes,yes,yes,yes,yes,yes,yes,yes,yes,yes,yes,yes,yes,yes
TSCHLHRS,yes,yes,yes,yes,yes,yes,yes,yes,yes,yes,yes,yes,NA,NA,NA,NA,NA,NA,NA,NA,NA,NA,NA,NA,NA,NA,NA
TTCH_HRS,yes,yes,yes,yes,yes,yes,yes,yes,yes,yes,yes,yes,NA,NA,NA,NA,NA,NA,NA,NA,NA,NA,NA,NA,NA,NA,NA
TBIRTH_YEAR,yes,yes,yes,yes,yes,yes,yes,yes,yes,yes,yes,yes,yes,yes,yes,yes,yes,yes,yes,yes,yes,yes,yes,yes,yes,yes,yes
THHLD_NUMADLT,yes,yes,yes,yes,yes,yes,yes,yes,yes,yes,yes,yes,yes,yes,yes,yes,yes,yes,yes,yes,yes,yes,yes,yes,yes,yes,yes
SCRAM,yes,yes,yes,yes,yes,yes,yes,yes,yes,yes,yes,yes,yes,yes,yes,yes,yes,yes,yes,yes,yes,yes,yes,yes,yes,yes,yes
EST_ST,yes,yes,yes,yes,yes,yes,yes,yes,yes,yes,yes,yes,yes,yes,yes,yes,yes,yes,yes,yes,yes,yes,yes,yes,yes,yes,yes
EST_MSA,yes,yes,yes,yes,yes,yes,yes,yes,yes,yes,yes,yes,yes,yes,yes,yes,yes,yes,yes,yes,yes,yes,yes,yes,yes,yes,yes
PWEIGHT,yes,yes,yes,yes,yes,yes,yes,yes,yes,yes,yes,yes,yes,yes,yes,yes,yes,yes,yes,yes,yes,yes,yes,yes,yes,yes,yes
CHILDFOOD,NA,NA,NA,NA,NA,yes,yes,yes,yes,yes,yes,yes,yes,yes,yes,yes,yes,yes,yes,yes,yes,yes,yes,yes,yes,yes,yes
TSTDY_HRS,NA,NA,NA,NA,NA,yes,yes,yes,yes,yes,yes,yes,yes,yes,yes,yes,yes,yes,yes,yes,yes,yes,yes,yes,yes,yes,yes
SPNDSRC1,NA,NA,NA,NA,NA,NA,yes,yes,yes,yes,yes,yes,yes,yes,yes,yes,yes,yes,yes,yes,yes,yes,yes,yes,yes,yes,yes
SPNDSRC2,NA,NA,NA,NA,NA,NA,yes,yes,yes,yes,yes,yes,yes,yes,yes,yes,yes,yes,yes,yes,yes,yes,yes,yes,yes,yes,yes
SPNDSRC3,NA,NA,NA,NA,NA,NA,yes,yes,yes,yes,yes,yes,yes,yes,yes,yes,yes,yes,yes,yes,yes,yes,yes,yes,yes,yes,yes
SPNDSRC4,NA,NA,NA,NA,NA,NA,yes,yes,yes,yes,yes,yes,yes,yes,yes,yes,yes,yes,yes,yes,yes,yes,yes,yes,yes,yes,yes
SPNDSRC5,NA,NA,NA,NA,NA,NA,yes,yes,yes,yes,yes,yes,yes,yes,yes,yes,yes,yes,yes,yes,yes,yes,yes,yes,yes,yes,yes
SPNDSRC6,NA,NA,NA,NA,NA,NA,yes,yes,yes,yes,yes,yes,yes,yes,yes,yes,yes,yes,yes,yes,yes,yes,yes,yes,yes,yes,yes
SPNDSRC7,NA,NA,NA,NA,NA,NA,yes,yes,yes,yes,yes,yes,yes,yes,yes,yes,yes,yes,yes,yes,yes,yes,yes,yes,yes,yes,yes
EIP,NA,NA,NA,NA,NA,NA,yes,yes,yes,yes,yes,yes,NA,NA,NA,NA,NA,NA,NA,NA,NA,yes,yes,yes,yes,yes,yes
EIPSPND1,NA,NA,NA,NA,NA,NA,yes,yes,yes,yes,yes,yes,NA,NA,NA,NA,NA,NA,NA,NA,NA,yes,yes,yes,yes,yes,yes
EIPSPND2,NA,NA,NA,NA,NA,NA,yes,yes,yes,yes,yes,yes,NA,NA,NA,NA,NA,NA,NA,NA,NA,yes,yes,yes,yes,yes,yes
EIPSPND3,NA,NA,NA,NA,NA,NA,yes,yes,yes,yes,yes,yes,NA,NA,NA,NA,NA,NA,NA,NA,NA,yes,yes,yes,yes,yes,yes
EIPSPND4,NA,NA,NA,NA,NA,NA,yes,yes,yes,yes,yes,yes,NA,NA,NA,NA,NA,NA,NA,NA,NA,yes,yes,yes,yes,yes,yes
EIPSPND5,NA,NA,NA,NA,NA,NA,yes,yes,yes,yes,yes,yes,NA,NA,NA,NA,NA,NA,NA,NA,NA,yes,yes,yes,yes,yes,yes
EIPSPND6,NA,NA,NA,NA,NA,NA,yes,yes,yes,yes,yes,yes,NA,NA,NA,NA,NA,NA,NA,NA,NA,yes,yes,yes,yes,yes,yes
EIPSPND7,NA,NA,NA,NA,NA,NA,yes,yes,yes,yes,yes,yes,NA,NA,NA,NA,NA,NA,NA,NA,NA,yes,yes,yes,yes,yes,yes
EIPSPND8,NA,NA,NA,NA,NA,NA,yes,yes,yes,yes,yes,yes,NA,NA,NA,NA,NA,NA,NA,NA,NA,yes,yes,yes,yes,yes,yes
EIPSPND9,NA,NA,NA,NA,NA,NA,yes,yes,yes,yes,yes,yes,NA,NA,NA,NA,NA,NA,NA,NA,NA,yes,yes,yes,yes,yes,yes
EIPSPND10,NA,NA,NA,NA,NA,NA,yes,yes,yes,yes,yes,yes,NA,NA,NA,NA,NA,NA,NA,NA,NA,yes,yes,yes,yes,yes,yes
EIPSPND11,NA,NA,NA,NA,NA,NA,yes,yes,yes,yes,yes,yes,NA,NA,NA,NA,NA,NA,NA,NA,NA,yes,yes,yes,yes,yes,yes
EIPSPND12,NA,NA,NA,NA,NA,NA,yes,yes,yes,yes,yes,yes,NA,NA,NA,NA,NA,NA,NA,NA,NA,yes,yes,yes,yes,yes,yes
EIPSPND13,NA,NA,NA,NA,NA,NA,yes,yes,yes,yes,yes,yes,NA,NA,NA,NA,NA,NA,NA,NA,NA,yes,yes,yes,yes,yes,yes
SCHLHRS,NA,NA,NA,NA,NA,NA,NA,NA,NA,NA,NA,NA,yes,yes,yes,yes,yes,yes,yes,yes,yes,yes,yes,yes,yes,yes,yes
TCH_HRS,NA,NA,NA,NA,NA,NA,NA,NA,NA,NA,NA,NA,yes,yes,yes,yes,yes,yes,yes,yes,yes,yes,yes,yes,yes,yes,yes
SPNDSRC8,NA,NA,NA,NA,NA,NA,NA,NA,NA,NA,NA,NA,yes,yes,yes,yes,yes,yes,yes,yes,yes,yes,yes,yes,yes,yes,yes
TW_START,NA,NA,NA,NA,NA,NA,NA,NA,NA,NA,NA,NA,yes,yes,yes,yes,yes,yes,yes,yes,yes,yes,yes,yes,yes,yes,yes
UI_APPLY,NA,NA,NA,NA,NA,NA,NA,NA,NA,NA,NA,NA,yes,yes,yes,yes,yes,yes,yes,yes,yes,yes,yes,yes,yes,yes,yes
UI_RECV,NA,NA,NA,NA,NA,NA,NA,NA,NA,NA,NA,NA,yes,yes,yes,yes,yes,yes,yes,yes,yes,yes,yes,yes,yes,yes,yes
SSA_RECV,NA,NA,NA,NA,NA,NA,NA,NA,NA,NA,NA,NA,yes,yes,yes,yes,yes,yes,yes,yes,yes,yes,yes,yes,yes,yes,yes
SSA_APPLY,NA,NA,NA,NA,NA,NA,NA,NA,NA,NA,NA,NA,yes,yes,yes,yes,yes,yes,yes,yes,yes,yes,yes,yes,yes,yes,yes
SSAPGM1,NA,NA,NA,NA,NA,NA,NA,NA,NA,NA,NA,NA,yes,yes,yes,yes,yes,yes,yes,yes,yes,yes,yes,yes,yes,yes,yes
SSAPGM2,NA,NA,NA,NA,NA,NA,NA,NA,NA,NA,NA,NA,yes,yes,yes,yes,yes,yes,yes,yes,yes,yes,yes,yes,yes,yes,yes
SSAPGM3,NA,NA,NA,NA,NA,NA,NA,NA,NA,NA,NA,NA,yes,yes,yes,yes,yes,yes,yes,yes,yes,yes,yes,yes,yes,yes,yes
SSAPGM4,NA,NA,NA,NA,NA,NA,NA,NA,NA,NA,NA,NA,yes,yes,yes,yes,yes,yes,yes,yes,yes,yes,yes,yes,yes,yes,yes
SSAPGM5,NA,NA,NA,NA,NA,NA,NA,NA,NA,NA,NA,NA,yes,yes,yes,yes,yes,yes,yes,yes,yes,yes,yes,yes,yes,yes,yes
SSALIKELY,NA,NA,NA,NA,NA,NA,NA,NA,NA,NA,NA,NA,yes,yes,yes,yes,yes,yes,yes,yes,yes,yes,yes,yes,yes,yes,yes
SSAEXPCT1,NA,NA,NA,NA,NA,NA,NA,NA,NA,NA,NA,NA,yes,yes,yes,yes,yes,yes,yes,yes,yes,yes,yes,yes,yes,yes,yes
SSAEXPCT2,NA,NA,NA,NA,NA,NA,NA,NA,NA,NA,NA,NA,yes,yes,yes,yes,yes,yes,yes,yes,yes,yes,yes,yes,yes,yes,yes
SSAEXPCT3,NA,NA,NA,NA,NA,NA,NA,NA,NA,NA,NA,NA,yes,yes,yes,yes,yes,yes,yes,yes,yes,yes,yes,yes,yes,yes,yes
SSAEXPCT4,NA,NA,NA,NA,NA,NA,NA,NA,NA,NA,NA,NA,yes,yes,yes,yes,yes,yes,yes,yes,yes,yes,yes,yes,yes,yes,yes
SSAEXPCT5,NA,NA,NA,NA,NA,NA,NA,NA,NA,NA,NA,NA,yes,yes,yes,yes,yes,yes,yes,yes,yes,yes,yes,yes,yes,yes,yes
SSADECISN,NA,NA,NA,NA,NA,NA,NA,NA,NA,NA,NA,NA,yes,yes,yes,yes,yes,yes,yes,yes,yes,yes,yes,yes,yes,yes,yes
EXPNS_DIF,NA,NA,NA,NA,NA,NA,NA,NA,NA,NA,NA,NA,yes,yes,yes,yes,yes,yes,yes,yes,yes,yes,yes,yes,yes,yes,yes
CHNGHOW1,NA,NA,NA,NA,NA,NA,NA,NA,NA,NA,NA,NA,yes,yes,yes,yes,yes,yes,yes,yes,yes,yes,yes,yes,yes,yes,yes
CHNGHOW2,NA,NA,NA,NA,NA,NA,NA,NA,NA,NA,NA,NA,yes,yes,yes,yes,yes,yes,yes,yes,yes,yes,yes,yes,yes,yes,yes
CHNGHOW3,NA,NA,NA,NA,NA,NA,NA,NA,NA,NA,NA,NA,yes,yes,yes,yes,yes,yes,yes,yes,yes,yes,yes,yes,yes,yes,yes
CHNGHOW4,NA,NA,NA,NA,NA,NA,NA,NA,NA,NA,NA,NA,yes,yes,yes,yes,yes,yes,yes,yes,yes,yes,yes,yes,yes,yes,yes
CHNGHOW5,NA,NA,NA,NA,NA,NA,NA,NA,NA,NA,NA,NA,yes,yes,yes,yes,yes,yes,yes,yes,yes,yes,yes,yes,yes,yes,yes
CHNGHOW6,NA,NA,NA,NA,NA,NA,NA,NA,NA,NA,NA,NA,yes,yes,yes,yes,yes,yes,yes,yes,yes,yes,yes,yes,yes,yes,yes
CHNGHOW7,NA,NA,NA,NA,NA,NA,NA,NA,NA,NA,NA,NA,yes,yes,yes,yes,yes,yes,yes,yes,yes,yes,yes,yes,yes,yes,yes
CHNGHOW8,NA,NA,NA,NA,NA,NA,NA,NA,NA,NA,NA,NA,yes,yes,yes,yes,yes,yes,yes,yes,yes,yes,yes,yes,yes,yes,yes
CHNGHOW9,NA,NA,NA,NA,NA,NA,NA,NA,NA,NA,NA,NA,yes,yes,yes,yes,yes,yes,yes,yes,yes,yes,yes,yes,yes,yes,yes
CHNGHOW10,NA,NA,NA,NA,NA,NA,NA,NA,NA,NA,NA,NA,yes,yes,yes,yes,yes,yes,yes,yes,yes,yes,yes,yes,yes,yes,yes
CHNGHOW11,NA,NA,NA,NA,NA,NA,NA,NA,NA,NA,NA,NA,yes,yes,yes,yes,yes,yes,yes,yes,yes,yes,yes,yes,yes,yes,yes
CHNGHOW12,NA,NA,NA,NA,NA,NA,NA,NA,NA,NA,NA,NA,yes,yes,yes,yes,yes,yes,yes,yes,yes,yes,yes,yes,yes,yes,yes
WHYCHNGD1,NA,NA,NA,NA,NA,NA,NA,NA,NA,NA,NA,NA,yes,yes,yes,yes,yes,yes,yes,yes,yes,yes,yes,yes,yes,yes,yes
WHYCHNGD2,NA,NA,NA,NA,NA,NA,NA,NA,NA,NA,NA,NA,yes,yes,yes,yes,yes,yes,yes,yes,yes,yes,yes,yes,yes,yes,yes
WHYCHNGD3,NA,NA,NA,NA,NA,NA,NA,NA,NA,NA,NA,NA,yes,yes,yes,yes,yes,yes,yes,yes,yes,yes,yes,yes,yes,yes,yes
WHYCHNGD4,NA,NA,NA,NA,NA,NA,NA,NA,NA,NA,NA,NA,yes,yes,yes,yes,yes,yes,yes,yes,yes,yes,yes,yes,yes,yes,yes
WHYCHNGD5,NA,NA,NA,NA,NA,NA,NA,NA,NA,NA,NA,NA,yes,yes,yes,yes,yes,yes,yes,yes,yes,yes,yes,yes,yes,yes,yes
WHYCHNGD6,NA,NA,NA,NA,NA,NA,NA,NA,NA,NA,NA,NA,yes,yes,yes,yes,yes,yes,yes,yes,yes,yes,yes,yes,yes,yes,yes
WHYCHNGD7,NA,NA,NA,NA,NA,NA,NA,NA,NA,NA,NA,NA,yes,yes,yes,yes,yes,yes,yes,yes,yes,yes,yes,yes,yes,yes,yes
WHYCHNGD8,NA,NA,NA,NA,NA,NA,NA,NA,NA,NA,NA,NA,yes,yes,yes,yes,yes,yes,yes,yes,yes,yes,yes,yes,yes,yes,yes
WHYCHNGD9,NA,NA,NA,NA,NA,NA,NA,NA,NA,NA,NA,NA,yes,yes,yes,yes,yes,yes,yes,yes,yes,yes,yes,yes,yes,yes,yes
WHYCHNGD10,NA,NA,NA,NA,NA,NA,NA,NA,NA,NA,NA,NA,yes,yes,yes,yes,yes,yes,yes,yes,yes,yes,yes,yes,yes,yes,yes
WHYCHNGD11,NA,NA,NA,NA,NA,NA,NA,NA,NA,NA,NA,NA,yes,yes,yes,yes,yes,yes,yes,yes,yes,yes,yes,yes,yes,yes,yes
WHYCHNGD12,NA,NA,NA,NA,NA,NA,NA,NA,NA,NA,NA,NA,yes,yes,yes,yes,yes,yes,yes,yes,yes,yes,yes,yes,yes,yes,yes
WHYCHNGD13,NA,NA,NA,NA,NA,NA,NA,NA,NA,NA,NA,NA,yes,yes,yes,yes,yes,yes,yes,yes,yes,yes,yes,yes,yes,yes,yes
FEWRTRIPS,NA,NA,NA,NA,NA,NA,NA,NA,NA,NA,NA,NA,yes,yes,yes,yes,yes,yes,yes,yes,yes,yes,yes,yes,yes,yes,yes
FEWRTRANS,NA,NA,NA,NA,NA,NA,NA,NA,NA,NA,NA,NA,yes,yes,yes,yes,yes,yes,yes,yes,yes,yes,yes,yes,yes,yes,yes
PLNDTRIPS,NA,NA,NA,NA,NA,NA,NA,NA,NA,NA,NA,NA,yes,yes,yes,yes,yes,yes,yes,yes,yes,yes,yes,yes,yes,yes,yes
CNCLDTRPS,NA,NA,NA,NA,NA,NA,NA,NA,NA,NA,NA,NA,yes,yes,yes,yes,yes,yes,yes,yes,yes,NA,NA,NA,NA,NA,NA
SNAP_YN,NA,NA,NA,NA,NA,NA,NA,NA,NA,NA,NA,NA,yes,yes,yes,yes,yes,yes,yes,yes,yes,yes,yes,yes,yes,yes,yes
SNAPMNTH1,NA,NA,NA,NA,NA,NA,NA,NA,NA,NA,NA,NA,yes,yes,yes,yes,yes,yes,yes,yes,yes,NA,NA,NA,NA,NA,NA
SNAPMNTH2,NA,NA,NA,NA,NA,NA,NA,NA,NA,NA,NA,NA,yes,yes,yes,yes,yes,yes,yes,yes,yes,NA,NA,NA,NA,NA,NA
SNAPMNTH3,NA,NA,NA,NA,NA,NA,NA,NA,NA,NA,NA,NA,yes,yes,yes,yes,yes,yes,yes,yes,yes,NA,NA,NA,NA,NA,NA
SNAPMNTH4,NA,NA,NA,NA,NA,NA,NA,NA,NA,NA,NA,NA,yes,yes,yes,yes,yes,yes,yes,yes,yes,NA,NA,NA,NA,NA,NA
SNAPMNTH5,NA,NA,NA,NA,NA,NA,NA,NA,NA,NA,NA,NA,yes,yes,yes,yes,yes,yes,yes,yes,yes,NA,NA,NA,NA,NA,NA
SNAPMNTH6,NA,NA,NA,NA,NA,NA,NA,NA,NA,NA,NA,NA,yes,yes,yes,yes,yes,yes,yes,yes,yes,NA,NA,NA,NA,NA,NA
SNAPMNTH7,NA,NA,NA,NA,NA,NA,NA,NA,NA,NA,NA,NA,yes,yes,yes,yes,yes,yes,yes,yes,yes,NA,NA,NA,NA,NA,NA
SNAPMNTH8,NA,NA,NA,NA,NA,NA,NA,NA,NA,NA,NA,NA,yes,yes,yes,yes,yes,yes,yes,yes,yes,NA,NA,NA,NA,NA,NA
SNAPMNTH9,NA,NA,NA,NA,NA,NA,NA,NA,NA,NA,NA,NA,yes,yes,yes,yes,yes,yes,yes,yes,yes,NA,NA,NA,NA,NA,NA
SNAPMNTH10,NA,NA,NA,NA,NA,NA,NA,NA,NA,NA,NA,NA,yes,yes,yes,yes,yes,yes,yes,yes,yes,NA,NA,NA,NA,NA,NA
SNAPMNTH11,NA,NA,NA,NA,NA,NA,NA,NA,NA,NA,NA,NA,yes,yes,yes,yes,yes,yes,yes,yes,yes,NA,NA,NA,NA,NA,NA
SNAPMNTH12,NA,NA,NA,NA,NA,NA,NA,NA,NA,NA,NA,NA,yes,yes,yes,yes,yes,yes,yes,yes,yes,NA,NA,NA,NA,NA,NA
PRESCRIPT,NA,NA,NA,NA,NA,NA,NA,NA,NA,NA,NA,NA,yes,yes,yes,yes,yes,yes,yes,yes,yes,yes,yes,yes,yes,yes,yes
MH_SVCS,NA,NA,NA,NA,NA,NA,NA,NA,NA,NA,NA,NA,yes,yes,yes,yes,yes,yes,yes,yes,yes,yes,yes,yes,yes,yes,yes
MH_NOTGET,NA,NA,NA,NA,NA,NA,NA,NA,NA,NA,NA,NA,yes,yes,yes,yes,yes,yes,yes,yes,yes,yes,yes,yes,yes,yes,yes
LIVQTR,NA,NA,NA,NA,NA,NA,NA,NA,NA,NA,NA,NA,yes,yes,yes,yes,yes,yes,yes,yes,yes,yes,yes,yes,yes,yes,yes
RENTCUR,NA,NA,NA,NA,NA,NA,NA,NA,NA,NA,NA,NA,yes,yes,yes,yes,yes,yes,yes,yes,yes,yes,yes,yes,yes,yes,yes
MORTCUR,NA,NA,NA,NA,NA,NA,NA,NA,NA,NA,NA,NA,yes,yes,yes,yes,yes,yes,yes,yes,yes,yes,yes,yes,yes,yes,yes
EVICT,NA,NA,NA,NA,NA,NA,NA,NA,NA,NA,NA,NA,yes,yes,yes,yes,yes,yes,yes,yes,yes,yes,yes,yes,yes,yes,yes
FORCLOSE,NA,NA,NA,NA,NA,NA,NA,NA,NA,NA,NA,NA,yes,yes,yes,yes,yes,yes,yes,yes,yes,yes,yes,yes,yes,yes,yes
PSPLANS1,NA,NA,NA,NA,NA,NA,NA,NA,NA,NA,NA,NA,yes,yes,yes,yes,yes,yes,yes,yes,yes,yes,yes,yes,yes,yes,yes
PSPLANS2,NA,NA,NA,NA,NA,NA,NA,NA,NA,NA,NA,NA,yes,yes,yes,yes,yes,yes,yes,yes,yes,yes,yes,yes,yes,yes,yes
PSPLANS3,NA,NA,NA,NA,NA,NA,NA,NA,NA,NA,NA,NA,yes,yes,yes,yes,yes,yes,yes,yes,yes,yes,yes,yes,yes,yes,yes
PSPLANS4,NA,NA,NA,NA,NA,NA,NA,NA,NA,NA,NA,NA,yes,yes,yes,yes,yes,yes,yes,yes,yes,yes,yes,yes,yes,yes,yes
PSPLANS5,NA,NA,NA,NA,NA,NA,NA,NA,NA,NA,NA,NA,yes,yes,yes,yes,yes,yes,yes,yes,yes,yes,yes,yes,yes,yes,yes
PSPLANS6,NA,NA,NA,NA,NA,NA,NA,NA,NA,NA,NA,NA,yes,yes,yes,yes,yes,yes,yes,yes,yes,yes,yes,yes,yes,yes,yes
PSCHNG1,NA,NA,NA,NA,NA,NA,NA,NA,NA,NA,NA,NA,yes,yes,yes,yes,yes,yes,yes,yes,yes,yes,yes,yes,yes,yes,yes
PSCHNG2,NA,NA,NA,NA,NA,NA,NA,NA,NA,NA,NA,NA,yes,yes,yes,yes,yes,yes,yes,yes,yes,yes,yes,yes,yes,yes,yes
PSCHNG3,NA,NA,NA,NA,NA,NA,NA,NA,NA,NA,NA,NA,yes,yes,yes,yes,yes,yes,yes,yes,yes,yes,yes,yes,yes,yes,yes
PSCHNG4,NA,NA,NA,NA,NA,NA,NA,NA,NA,NA,NA,NA,yes,yes,yes,yes,yes,yes,yes,yes,yes,yes,yes,yes,yes,yes,yes
PSCHNG5,NA,NA,NA,NA,NA,NA,NA,NA,NA,NA,NA,NA,yes,yes,yes,yes,yes,yes,yes,yes,yes,yes,yes,yes,yes,yes,yes
PSCHNG6,NA,NA,NA,NA,NA,NA,NA,NA,NA,NA,NA,NA,yes,yes,yes,yes,yes,yes,yes,yes,yes,yes,yes,yes,yes,yes,yes
PSCHNG7,NA,NA,NA,NA,NA,NA,NA,NA,NA,NA,NA,NA,yes,yes,yes,yes,yes,yes,yes,yes,yes,yes,yes,yes,yes,yes,yes
PSWHYCHG1,NA,NA,NA,NA,NA,NA,NA,NA,NA,NA,NA,NA,yes,yes,yes,yes,yes,yes,yes,yes,yes,yes,yes,yes,yes,yes,yes
PSWHYCHG2,NA,NA,NA,NA,NA,NA,NA,NA,NA,NA,NA,NA,yes,yes,yes,yes,yes,yes,yes,yes,yes,yes,yes,yes,yes,yes,yes
PSWHYCHG3,NA,NA,NA,NA,NA,NA,NA,NA,NA,NA,NA,NA,yes,yes,yes,yes,yes,yes,yes,yes,yes,yes,yes,yes,yes,yes,yes
PSWHYCHG4,NA,NA,NA,NA,NA,NA,NA,NA,NA,NA,NA,NA,yes,yes,yes,yes,yes,yes,yes,yes,yes,yes,yes,yes,yes,yes,yes
PSWHYCHG5,NA,NA,NA,NA,NA,NA,NA,NA,NA,NA,NA,NA,yes,yes,yes,yes,yes,yes,yes,yes,yes,yes,yes,yes,yes,yes,yes
PSWHYCHG6,NA,NA,NA,NA,NA,NA,NA,NA,NA,NA,NA,NA,yes,yes,yes,yes,yes,yes,yes,yes,yes,yes,yes,yes,yes,yes,yes
PSWHYCHG7,NA,NA,NA,NA,NA,NA,NA,NA,NA,NA,NA,NA,yes,yes,yes,yes,yes,yes,yes,yes,yes,yes,yes,yes,yes,yes,yes
PSWHYCHG8,NA,NA,NA,NA,NA,NA,NA,NA,NA,NA,NA,NA,yes,yes,yes,yes,yes,yes,yes,yes,yes,yes,yes,yes,yes,yes,yes
PSWHYCHG9,NA,NA,NA,NA,NA,NA,NA,NA,NA,NA,NA,NA,yes,yes,yes,yes,yes,yes,yes,yes,yes,yes,yes,yes,yes,yes,yes
TUI_NUMPER,NA,NA,NA,NA,NA,NA,NA,NA,NA,NA,NA,NA,yes,yes,yes,yes,yes,yes,yes,yes,yes,NA,NA,NA,NA,NA,NA
TBEDROOMS,NA,NA,NA,NA,NA,NA,NA,NA,NA,NA,NA,NA,yes,yes,yes,yes,yes,yes,yes,yes,yes,NA,NA,NA,NA,NA,NA
TNUM_PS,NA,NA,NA,NA,NA,NA,NA,NA,NA,NA,NA,NA,yes,yes,yes,yes,yes,yes,yes,yes,yes,yes,yes,yes,yes,yes,yes
HWEIGHT,NA,NA,NA,NA,NA,NA,NA,NA,NA,NA,NA,NA,yes,yes,yes,yes,yes,yes,yes,yes,yes,yes,yes,yes,yes,yes,yes
PRIVHLTH,NA,NA,NA,NA,NA,NA,NA,NA,NA,NA,NA,NA,yes,yes,yes,yes,yes,yes,yes,yes,yes,yes,yes,yes,yes,yes,yes
PUBHLTH,NA,NA,NA,NA,NA,NA,NA,NA,NA,NA,NA,NA,yes,yes,yes,yes,yes,yes,yes,yes,yes,yes,yes,yes,yes,yes,yes
REGION,NA,NA,NA,NA,NA,NA,NA,NA,NA,NA,NA,NA,yes,yes,yes,yes,yes,yes,yes,yes,yes,yes,yes,yes,yes,yes,yes
RECVDVACC,NA,NA,NA,NA,NA,NA,NA,NA,NA,NA,NA,NA,NA,NA,NA,NA,NA,NA,NA,NA,NA,yes,yes,yes,yes,yes,yes
DOSES,NA,NA,NA,NA,NA,NA,NA,NA,NA,NA,NA,NA,NA,NA,NA,NA,NA,NA,NA,NA,NA,yes,yes,yes,yes,yes,yes
GETVACC,NA,NA,NA,NA,NA,NA,NA,NA,NA,NA,NA,NA,NA,NA,NA,NA,NA,NA,NA,NA,NA,yes,yes,yes,yes,yes,yes
WHYNOT1,NA,NA,NA,NA,NA,NA,NA,NA,NA,NA,NA,NA,NA,NA,NA,NA,NA,NA,NA,NA,NA,yes,yes,yes,yes,yes,yes
WHYNOT2,NA,NA,NA,NA,NA,NA,NA,NA,NA,NA,NA,NA,NA,NA,NA,NA,NA,NA,NA,NA,NA,yes,yes,yes,yes,yes,yes
WHYNOT3,NA,NA,NA,NA,NA,NA,NA,NA,NA,NA,NA,NA,NA,NA,NA,NA,NA,NA,NA,NA,NA,yes,yes,yes,yes,yes,yes
WHYNOT4,NA,NA,NA,NA,NA,NA,NA,NA,NA,NA,NA,NA,NA,NA,NA,NA,NA,NA,NA,NA,NA,yes,yes,yes,yes,yes,yes
WHYNOT5,NA,NA,NA,NA,NA,NA,NA,NA,NA,NA,NA,NA,NA,NA,NA,NA,NA,NA,NA,NA,NA,yes,yes,yes,yes,yes,yes
WHYNOT6,NA,NA,NA,NA,NA,NA,NA,NA,NA,NA,NA,NA,NA,NA,NA,NA,NA,NA,NA,NA,NA,yes,yes,yes,yes,yes,yes
WHYNOT7,NA,NA,NA,NA,NA,NA,NA,NA,NA,NA,NA,NA,NA,NA,NA,NA,NA,NA,NA,NA,NA,yes,yes,yes,yes,yes,yes
WHYNOT8,NA,NA,NA,NA,NA,NA,NA,NA,NA,NA,NA,NA,NA,NA,NA,NA,NA,NA,NA,NA,NA,yes,yes,yes,yes,yes,yes
WHYNOT9,NA,NA,NA,NA,NA,NA,NA,NA,NA,NA,NA,NA,NA,NA,NA,NA,NA,NA,NA,NA,NA,yes,yes,yes,yes,yes,yes
WHYNOT10,NA,NA,NA,NA,NA,NA,NA,NA,NA,NA,NA,NA,NA,NA,NA,NA,NA,NA,NA,NA,NA,yes,yes,yes,yes,yes,yes
WHYNOT11,NA,NA,NA,NA,NA,NA,NA,NA,NA,NA,NA,NA,NA,NA,NA,NA,NA,NA,NA,NA,NA,yes,yes,yes,yes,yes,yes
WHYNOTB1,NA,NA,NA,NA,NA,NA,NA,NA,NA,NA,NA,NA,NA,NA,NA,NA,NA,NA,NA,NA,NA,yes,yes,yes,yes,yes,yes
WHYNOTB2,NA,NA,NA,NA,NA,NA,NA,NA,NA,NA,NA,NA,NA,NA,NA,NA,NA,NA,NA,NA,NA,yes,yes,yes,yes,yes,yes
WHYNOTB3,NA,NA,NA,NA,NA,NA,NA,NA,NA,NA,NA,NA,NA,NA,NA,NA,NA,NA,NA,NA,NA,yes,yes,yes,yes,yes,yes
WHYNOTB4,NA,NA,NA,NA,NA,NA,NA,NA,NA,NA,NA,NA,NA,NA,NA,NA,NA,NA,NA,NA,NA,yes,yes,yes,yes,yes,yes
WHYNOTB5,NA,NA,NA,NA,NA,NA,NA,NA,NA,NA,NA,NA,NA,NA,NA,NA,NA,NA,NA,NA,NA,yes,yes,yes,yes,yes,yes
WHYNOTB6,NA,NA,NA,NA,NA,NA,NA,NA,NA,NA,NA,NA,NA,NA,NA,NA,NA,NA,NA,NA,NA,yes,yes,yes,yes,yes,yes
HADCOVID,NA,NA,NA,NA,NA,NA,NA,NA,NA,NA,NA,NA,NA,NA,NA,NA,NA,NA,NA,NA,NA,yes,yes,yes,yes,yes,yes
